ORIG_FID,osm_id,code,fclass,name,ref,oneway,maxspeed,layer,bridge,tunnel,PID,Lon,Lat,_pid_str,BD_ID,BD_MoveDir,BD_Content,BD_ImagePaths,process_status
185,93483881,5114,secondary,浐河西路, ,F,0,0,F,F,1,109.021844,34.324246,1,09021500121902211515263035Q,354.51,"{'Admission': 'GS(2020)6434', 'Date': '20190221', 'DeviceHeight': 2.32, 'FileTag': 'pano_cfg', 'HasDepth': 0, 'HasTopo': 1, 'Heading': 354.51, 'ID': '09021500121902211515263035Q', 'ImgLayer': [{'BlockX': 2, 'BlockY': 1, 'ImgFormat': 'jpg', 'ImgLevel': 1}, {'BlockX': 4, 'BlockY': 2, 'ImgFormat': 'jpg', 'ImgLevel': 2}, {'BlockX': 8, 'BlockY': 4, 'ImgFormat': 'jpg', 'ImgLevel': 3}, {'BlockX': 16, 'BlockY': 8, 'ImgFormat': 'jpg', 'ImgLevel': 4}], 'LayerCount': 4, 'Links': [], 'Mode': 'day', 'MoveDir': 354.51, 'NorthDir': 275.49, 'Obsolete': 0, 'Pitch': 0.29, 'Provider': 9, 'RX': 1213767248, 'RY': 404869534, 'Rname': '浐河西路', 'Roads': [{'ID': '8d6eaf-3c7d-51c1-4537-4aae7c', 'IsCurrent': 1, 'Name': '浐河西路', 'Panos': [{'DIR': 354, 'Order': 0, 'PID': '09021500121902211515215375Q', 'Type': 'street', 'X': 1213768526, 'Y': 404860358}, {'DIR': 354, 'Order': 1, 'PID': '09021500121902211515227255Q', 'Type': 'street', 'X': 1213768361, 'Y': 404862733}, {'DIR': 354, 'Order': 2, 'PID': '09021500121902211515239595Q', 'Type': 'street', 'X': 1213768113, 'Y': 404865151}, {'DIR': 348, 'Order': 3, 'PID': '09021500121902211515251315Q', 'Type': 'street', 'X': 1213767799, 'Y': 404867379}, {'DIR': 348, 'Order': 4, 'PID': '09021500121902211515263035Q', 'Type': 'street', 'X': 1213767400, 'Y': 404869564}, {'DIR': 348, 'Order': 5, 'PID': '09021500121902211515275375Q', 'Type': 'street', 'X': 1213766865, 'Y': 404871854}, {'DIR': 350, 'Order': 6, 'PID': '09021500121902211515288195Q', 'Type': 'street', 'X': 1213766221, 'Y': 404874169}, {'DIR': 338, 'Order': 7, 'PID': '09021500121902211515300375Q', 'Type': 'street', 'X': 1213765537, 'Y': 404876318}, {'DIR': 338, 'Order': 8, 'PID': '09021500121902211515312725Q', 'Type': 'street', 'X': 1213764755, 'Y': 404878483}, {'DIR': 338, 'Order': 9, 'PID': '09021500121902211515324595Q', 'Type': 'street', 'X': 1213763945, 'Y': 404880504}, {'DIR': 338, 'Order': 10, 'PID': '09021500121902211515336315Q', 'Type': 'street', 'X': 1213763104, 'Y': 404882425}, {'DIR': 330, 'Order': 11, 'PID': '09021500121902211515348035Q', 'Type': 'street', 'X': 1213762222, 'Y': 404884279}, {'DIR': 330, 'Order': 12, 'PID': '09021500121902211515359915Q', 'Type': 'street', 'X': 1213761295, 'Y': 404886074}, {'DIR': 330, 'Order': 13, 'PID': '09021500121902211515372255Q', 'Type': 'street', 'X': 1213760281, 'Y': 404887886}, {'DIR': 330, 'Order': 14, 'PID': '09021500121902211515385065Q', 'Type': 'street', 'X': 1213759107, 'Y': 404889724}, {'DIR': 330, 'Order': 15, 'PID': '09021500121902211515397725Q', 'Type': 'street', 'X': 1213757794, 'Y': 404891495}, {'DIR': 320, 'Order': 16, 'PID': '09021500121902211515409595Q', 'Type': 'street', 'X': 1213756461, 'Y': 404893144}, {'DIR': 320, 'Order': 17, 'PID': '09021500121902211515421315Q', 'Type': 'street', 'X': 1213755058, 'Y': 404894819}, {'DIR': 320, 'Order': 18, 'PID': '09021500121902211515433665Q', 'Type': 'street', 'X': 1213753496, 'Y': 404896626}, {'DIR': 320, 'Order': 19, 'PID': '09021500121902211515445535Q', 'Type': 'street', 'X': 1213751955, 'Y': 404898345}, {'DIR': 312, 'Order': 20, 'PID': '09021500121902211515457725Q', 'Type': 'street', 'X': 1213750357, 'Y': 404900038}, {'DIR': 312, 'Order': 21, 'PID': '09021500121902211515470065Q', 'Type': 'street', 'X': 1213748705, 'Y': 404901624}, {'DIR': 312, 'Order': 22, 'PID': '09021500121902211515482255Q', 'Type': 'street', 'X': 1213747064, 'Y': 404903075}, {'DIR': 305, 'Order': 23, 'PID': '09021500121902211515494605Q', 'Type': 'street', 'X': 1213745328, 'Y': 404904439}, {'DIR': 0, 'Order': 24, 'PID': '09021500121902211515506945Q', 'Type': 'street', 'X': 1213743523, 'Y': 404905780}], 'Width': 550}], 'Roll': 1.39, 'SwitchID': [], 'Time': '201902', 'TimeLine': [{'ID': '09021500121902211515263035Q', 'IsCurrent': 1, 'Time': 'day', 'TimeDir': '', 'TimeLine': '201902', 'Year': '2019'}, {'ID': '09021500001505040716037075Z', 'IsCurrent': 0, 'Time': 'day', 'TimeDir': 'obsolete', 'TimeLine': '201505', 'Year': '2015'}, {'ID': '01021500001405210957206775V', 'IsCurrent': 0, 'Time': 'day', 'TimeDir': 'obsolete', 'TimeLine': '201405', 'Year': '2014'}], 'Type': 'street', 'UserID': '', 'Version': '0', 'X': 1213767400, 'Y': 404869564, 'Z': 352.81, 'format_v': '0', 'plane': '', 'procdate': '20230626'}",E:\CodeBase\GitHub\street_view_crawler\data\output\images\panoramic\1_109.021844_34.324246.jpg,success
202,120859765,5112,trunk,北三环路, ,F,0,0,F,F,2,109.001979,34.361967,2,09021500011704231428168025O,92.96,"{'Admission': 'GS(2020)6434', 'Date': '20170423', 'DeviceHeight': 2.32, 'FileTag': 'pano_cfg', 'HasDepth': 0, 'HasTopo': 1, 'Heading': 92.96, 'ID': '09021500011704231428168025O', 'ImgLayer': [{'BlockX': 2, 'BlockY': 1, 'ImgFormat': 'jpg', 'ImgLevel': 1}, {'BlockX': 4, 'BlockY': 2, 'ImgFormat': 'jpg', 'ImgLevel': 2}, {'BlockX': 8, 'BlockY': 4, 'ImgFormat': 'jpg', 'ImgLevel': 3}, {'BlockX': 16, 'BlockY': 8, 'ImgFormat': 'jpg', 'ImgLevel': 4}], 'LayerCount': 4, 'Links': [], 'Mode': 'day', 'MoveDir': 92.96, 'NorthDir': 177.04, 'Obsolete': 0, 'Pitch': 0.09, 'Provider': 9, 'RX': 1213545770, 'RY': 405376447, 'Rname': '北三环', 'Roads': [{'ID': '11d849-240b-488f-6fa7-c75623', 'IsCurrent': 1, 'Name': '北三环', 'Panos': [{'DIR': 93, 'Order': 0, 'PID': '09021500121902181637274985Q', 'Type': 'street', 'X': 1213534469, 'Y': 405377203}, {'DIR': 93, 'Order': 1, 'PID': '09021500011704231428105665O', 'Type': 'street', 'X': 1213535900, 'Y': 405377100}, {'DIR': 93, 'Order': 2, 'PID': '09021500121902181637289205Q', 'Type': 'street', 'X': 1213537673, 'Y': 405376980}, {'DIR': 95, 'Order': 3, 'PID': '09021500121902181637302015Q', 'Type': 'street', 'X': 1213540553, 'Y': 405376794}, {'DIR': 95, 'Order': 4, 'PID': '09021500011704231428142635O', 'Type': 'street', 'X': 1213541717, 'Y': 405376632}, {'DIR': 95, 'Order': 5, 'PID': '09021500121902181637315295Q', 'Type': 'street', 'X': 1213543594, 'Y': 405376563}, {'DIR': 95, 'Order': 6, 'PID': '09021500011704231428155615O', 'Type': 'street', 'X': 1213543766, 'Y': 405376363}, {'DIR': 95, 'Order': 7, 'PID': '09021500011704231428168025O', 'Type': 'street', 'X': 1213545747, 'Y': 405376185}, {'DIR': 94, 'Order': 8, 'PID': '09021500121902181637329515Q', 'Type': 'street', 'X': 1213546886, 'Y': 405376275}, {'DIR': 96, 'Order': 9, 'PID': '09021500011704231428180315O', 'Type': 'street', 'X': 1213547740, 'Y': 405376009}, {'DIR': 96, 'Order': 10, 'PID': '09021500011704231428191355O', 'Type': 'street', 'X': 1213549517, 'Y': 405375871}, {'DIR': 96, 'Order': 11, 'PID': '09021500121902181637350305Q', 'Type': 'street', 'X': 1213551470, 'Y': 405375821}, {'DIR': 96, 'Order': 12, 'PID': '09021500011704231428203755O', 'Type': 'street', 'X': 1213551496, 'Y': 405375667}, {'DIR': 96, 'Order': 13, 'PID': '09021500011704231428215735O', 'Type': 'street', 'X': 1213553373, 'Y': 405375447}, {'DIR': 96, 'Order': 14, 'PID': '09021500121902181637366555Q', 'Type': 'street', 'X': 1213554966, 'Y': 405375435}, {'DIR': 96, 'Order': 15, 'PID': '09021500011704231428227115O', 'Type': 'street', 'X': 1213555239, 'Y': 405375284}, {'DIR': 95, 'Order': 16, 'PID': '09021500011704231428238695O', 'Type': 'street', 'X': 1213557133, 'Y': 405375106}, {'DIR': 95, 'Order': 17, 'PID': '09021500121902181637382335Q', 'Type': 'street', 'X': 1213558484, 'Y': 405375042}, {'DIR': 95, 'Order': 18, 'PID': '09021500011704231428250705O', 'Type': 'street', 'X': 1213559104, 'Y': 405374936}, {'DIR': 95, 'Order': 19, 'PID': '09021500121902181637396245Q', 'Type': 'street', 'X': 1213561533, 'Y': 405374762}, {'DIR': 95, 'Order': 20, 'PID': '09021500011704231428267315O', 'Type': 'street', 'X': 1213561861, 'Y': 405374656}, {'DIR': 96, 'Order': 21, 'PID': '09021500121902181637410935Q', 'Type': 'street', 'X': 1213564669, 'Y': 405374430}, {'DIR': 96, 'Order': 22, 'PID': '09021500122103290856563677N', 'Type': 'street', 'X': 1213566980, 'Y': 405370600}, {'DIR': 96, 'Order': 23, 'PID': '09021500122103290856579617N', 'Type': 'street', 'X': 1213567894, 'Y': 405371749}, {'DIR': 96, 'Order': 24, 'PID': '09021500122103290856599617N', 'Type': 'street', 'X': 1213568909, 'Y': 405372824}, {'DIR': 97, 'Order': 25, 'PID': '09021500122103290857029977N', 'Type': 'street', 'X': 1213570580, 'Y': 405373652}, {'DIR': 97, 'Order': 26, 'PID': '09021500122103290857049197N', 'Type': 'street', 'X': 1213572059, 'Y': 405373599}, {'DIR': 0, 'Order': 27, 'PID': '09021500122103290857066187N', 'Type': 'street', 'X': 1213573746, 'Y': 405373365}], 'Width': 550}], 'Roll': 0.8, 'SwitchID': [], 'Time': '201704', 'TimeLine': [{'ID': '09021500011704231428168025O', 'IsCurrent': 1, 'Time': 'day', 'TimeDir': '', 'TimeLine': '201704', 'Year': '2017'}, {'ID': '01021500001405221513156615V', 'IsCurrent': 0, 'Time': 'day', 'TimeDir': 'obsolete', 'TimeLine': '201405', 'Year': '2014'}], 'Type': 'street', 'UserID': '', 'Version': '0', 'X': 1213545747, 'Y': 405376185, 'Z': 349.65, 'format_v': '0', 'plane': '', 'procdate': '20230626'}",E:\CodeBase\GitHub\street_view_crawler\data\output\images\panoramic\2_109.001979_34.361967.jpg,success
338,152647604,5114,secondary,西三环辅路, ,F,0,0,F,F,3,108.837387,34.249607,3,09021500121902211601597685T,355.13,"{'Admission': 'GS(2020)6434', 'Date': '20190221', 'DeviceHeight': 2.32, 'FileTag': 'pano_cfg', 'HasDepth': 0, 'HasTopo': 1, 'Heading': 355.13, 'ID': '09021500121902211601597685T', 'ImgLayer': [{'BlockX': 2, 'BlockY': 1, 'ImgFormat': 'jpg', 'ImgLevel': 1}, {'BlockX': 4, 'BlockY': 2, 'ImgFormat': 'jpg', 'ImgLevel': 2}, {'BlockX': 8, 'BlockY': 4, 'ImgFormat': 'jpg', 'ImgLevel': 3}, {'BlockX': 16, 'BlockY': 8, 'ImgFormat': 'jpg', 'ImgLevel': 4}], 'LayerCount': 4, 'Links': [], 'Mode': 'day', 'MoveDir': 355.13, 'NorthDir': 274.87, 'Obsolete': 0, 'Pitch': -0.17, 'Provider': 9, 'RX': 1211709235, 'RY': 403873841, 'Rname': '西三环辅路', 'Roads': [{'ID': 'ec83d7-4d28-f771-b517-948eb3', 'IsCurrent': 1, 'Name': '西三环辅路', 'Panos': [{'DIR': 354, 'Order': 0, 'PID': '09021500121902181339314621L', 'Type': 'street', 'X': 1211710139, 'Y': 403857419}, {'DIR': 353, 'Order': 1, 'PID': '09021500121902211601380115T', 'Type': 'street', 'X': 1211709969, 'Y': 403858770}, {'DIR': 353, 'Order': 2, 'PID': '09021500121902181339328301L', 'Type': 'street', 'X': 1211710053, 'Y': 403858819}, {'DIR': 353, 'Order': 3, 'PID': '09021500121902181339340011L', 'Type': 'street', 'X': 1211709968, 'Y': 403860116}, {'DIR': 353, 'Order': 4, 'PID': '09021500121902211601392455T', 'Type': 'street', 'X': 1211709786, 'Y': 403860238}, {'DIR': 353, 'Order': 5, 'PID': '09021500121902181339351731L', 'Type': 'street', 'X': 1211709794, 'Y': 403861469}, {'DIR': 353, 'Order': 6, 'PID': '09021500121902211601406205T', 'Type': 'street', 'X': 1211709625, 'Y': 403861694}, {'DIR': 353, 'Order': 7, 'PID': '09021500121902181339359601L', 'Type': 'street', 'X': 1211709709, 'Y': 403862328}, {'DIR': 353, 'Order': 8, 'PID': '09021500121902211601423975T', 'Type': 'street', 'X': 1211709455, 'Y': 403863359}, {'DIR': 353, 'Order': 9, 'PID': '09021500121902181339370411L', 'Type': 'street', 'X': 1211709624, 'Y': 403863619}, {'DIR': 353, 'Order': 10, 'PID': '09021500121902181339381661L', 'Type': 'street', 'X': 1211709453, 'Y': 403864993}, {'DIR': 353, 'Order': 11, 'PID': '09021500121902211601445735T', 'Type': 'street', 'X': 1211709287, 'Y': 403865280}, {'DIR': 353, 'Order': 12, 'PID': '09021500121902181339392131L', 'Type': 'street', 'X': 1211709371, 'Y': 403866218}, {'DIR': 353, 'Order': 13, 'PID': '09021500121902181349167321L', 'Type': 'street', 'X': 1211709371, 'Y': 403866277}, {'DIR': 353, 'Order': 14, 'PID': '09021500121902211601459645T', 'Type': 'street', 'X': 1211709199, 'Y': 403866496}, {'DIR': 353, 'Order': 15, 'PID': '09021500121902181349182531L', 'Type': 'street', 'X': 1211709286, 'Y': 403867341}, {'DIR': 353, 'Order': 16, 'PID': '09021500121902181339403381L', 'Type': 'street', 'X': 1211709198, 'Y': 403867469}, {'DIR': 353, 'Order': 17, 'PID': '09021500121902211601481905T', 'Type': 'street', 'X': 1211709028, 'Y': 403868523}, {'DIR': 353, 'Order': 18, 'PID': '09021500121902181349203241L', 'Type': 'street', 'X': 1211709112, 'Y': 403868626}, {'DIR': 353, 'Order': 19, 'PID': '09021500121902181339415261L', 'Type': 'street', 'X': 1211709112, 'Y': 403868690}, {'DIR': 353, 'Order': 20, 'PID': '09021500121902211601494715T', 'Type': 'street', 'X': 1211708859, 'Y': 403869577}, {'DIR': 353, 'Order': 21, 'PID': '09021500121902181349235901L', 'Type': 'street', 'X': 1211709027, 'Y': 403869647}, {'DIR': 353, 'Order': 22, 'PID': '09021500121902211601520495T', 'Type': 'street', 'X': 1211708773, 'Y': 403870928}, {'DIR': 353, 'Order': 23, 'PID': '09021500121902181349333221L', 'Type': 'street', 'X': 1211708943, 'Y': 403870978}, {'DIR': 353, 'Order': 24, 'PID': '09021500121902181349359871L', 'Type': 'street', 'X': 1211708773, 'Y': 403872204}, {'DIR': 353, 'Order': 25, 'PID': '09021500121902211601556435T', 'Type': 'street', 'X': 1211708603, 'Y': 403872306}, {'DIR': 353, 'Order': 26, 'PID': '09021500121902181349389001L', 'Type': 'street', 'X': 1211708687, 'Y': 403873276}, {'DIR': 353, 'Order': 27, 'PID': '09021500121902211601597685T', 'Type': 'street', 'X': 1211708514, 'Y': 403873764}, {'DIR': 353, 'Order': 28, 'PID': '09021500121902181349433071L', 'Type': 'street', 'X': 1211708514, 'Y': 403874764}, {'DIR': 353, 'Order': 29, 'PID': '09021500121902211602035035T', 'Type': 'street', 'X': 1211708344, 'Y': 403875327}, {'DIR': 353, 'Order': 30, 'PID': '09021500121902181339545781L', 'Type': 'street', 'X': 1211708513, 'Y': 403875803}, {'DIR': 353, 'Order': 31, 'PID': '09021500121902181349481191L', 'Type': 'street', 'X': 1211708428, 'Y': 403876186}, {'DIR': 353, 'Order': 32, 'PID': '09021500121902211602057845T', 'Type': 'street', 'X': 1211708258, 'Y': 403876811}, {'DIR': 353, 'Order': 33, 'PID': '09021500121902181339577811L', 'Type': 'street', 'X': 1211708343, 'Y': 403877066}, {'DIR': 0, 'Order': 34, 'PID': '09021500121902181349502441L', 'Type': 'street', 'X': 1211708258, 'Y': 403877425}], 'Width': 550}], 'Roll': -1.23, 'SwitchID': [], 'Time': '201902', 'TimeLine': [{'ID': '09021500121902211601597685T', 'IsCurrent': 1, 'Time': 'day', 'TimeDir': '', 'TimeLine': '201902', 'Year': '2019'}, {'ID': '09021500011704231224394905O', 'IsCurrent': 0, 'Time': 'day', 'TimeDir': 'obsolete', 'TimeLine': '201704', 'Year': '2017'}, {'ID': '09021500011608151701264588T', 'IsCurrent': 0, 'Time': 'day', 'TimeDir': 'obsolete', 'TimeLine': '201608', 'Year': '2016'}, {'ID': '01021500001405290929549415I', 'IsCurrent': 0, 'Time': 'day', 'TimeDir': 'obsolete', 'TimeLine': '201405', 'Year': '2014'}], 'Type': 'street', 'UserID': '', 'Version': '0', 'X': 1211708514, 'Y': 403873764, 'Z': 369.13, 'format_v': '0', 'plane': '', 'procdate': '20230626'}",E:\CodeBase\GitHub\street_view_crawler\data\output\images\panoramic\3_108.837387_34.249607.jpg,success
432,181010735,5114,secondary,西三环辅路, ,F,0,0,F,F,4,108.840968,34.203999,4,09021500121902251115369065X,254.47,"{'Admission': 'GS(2020)6434', 'Date': '20190225', 'DeviceHeight': 2.32, 'FileTag': 'pano_cfg', 'HasDepth': 0, 'HasTopo': 1, 'Heading': 254.47, 'ID': '09021500121902251115369065X', 'ImgLayer': [{'BlockX': 2, 'BlockY': 1, 'ImgFormat': 'jpg', 'ImgLevel': 1}, {'BlockX': 4, 'BlockY': 2, 'ImgFormat': 'jpg', 'ImgLevel': 2}, {'BlockX': 8, 'BlockY': 4, 'ImgFormat': 'jpg', 'ImgLevel': 3}, {'BlockX': 16, 'BlockY': 8, 'ImgFormat': 'jpg', 'ImgLevel': 4}], 'LayerCount': 4, 'Links': [], 'Mode': 'day', 'MoveDir': 254.47, 'NorthDir': 15.53, 'Obsolete': 0, 'Pitch': -0.03, 'Provider': 9, 'RX': 1211747771, 'RY': 403262425, 'Rname': '丈八立交', 'Roads': [{'ID': 'caec26-5d6a-2bea-7536-17dcdc', 'IsCurrent': 1, 'Name': '丈八立交', 'Panos': [{'DIR': 252, 'Order': 0, 'PID': '09021500121902251115321725X', 'Type': 'street', 'X': 1211758552, 'Y': 403265572}, {'DIR': 253, 'Order': 1, 'PID': '09021500121902251115333135X', 'Type': 'street', 'X': 1211756022, 'Y': 403264839}, {'DIR': 253, 'Order': 2, 'PID': '09021500121709211032489126B', 'Type': 'street', 'X': 1211754786, 'Y': 403265336}, {'DIR': 252, 'Order': 3, 'PID': '09021500121902251115346105X', 'Type': 'street', 'X': 1211753135, 'Y': 403263984}, {'DIR': 254, 'Order': 4, 'PID': '09021500121902251115357975X', 'Type': 'street', 'X': 1211750398, 'Y': 403263139}, {'DIR': 253, 'Order': 5, 'PID': '09021500121902251115369065X', 'Type': 'street', 'X': 1211747792, 'Y': 403262357}, {'DIR': 253, 'Order': 6, 'PID': '09021500121902251115380475X', 'Type': 'street', 'X': 1211745005, 'Y': 403261572}, {'DIR': 0, 'Order': 7, 'PID': '09021500121902251115391885X', 'Type': 'street', 'X': 1211742191, 'Y': 403260735}], 'Width': 550}], 'Roll': 0.28, 'SwitchID': [], 'Time': '201902', 'TimeLine': [{'ID': '09021500121902251115369065X', 'IsCurrent': 1, 'Time': 'day', 'TimeDir': '', 'TimeLine': '201902', 'Year': '2019'}, {'ID': '09021500121709211032541936B', 'IsCurrent': 0, 'Time': 'day', 'TimeDir': 'obsolete', 'TimeLine': '201709', 'Year': '2017'}, {'ID': '01021500001405281255239845I', 'IsCurrent': 0, 'Time': 'day', 'TimeDir': 'obsolete', 'TimeLine': '201405', 'Year': '2014'}], 'Type': 'street', 'UserID': '', 'Version': '0', 'X': 1211747792, 'Y': 403262357, 'Z': 383.89, 'format_v': '0', 'plane': '', 'procdate': '20230626'}",E:\CodeBase\GitHub\street_view_crawler\data\output\images\panoramic\4_108.840968_34.203999.jpg,success
461,181212633,5111,motorway,西安绕城高速,G65;G69;G3002,F,0,0,F,F,5,108.870235,34.19069,5,09021500121903061501217537C,86.42,"{'Admission': 'GS(2020)6434', 'Date': '20190306', 'DeviceHeight': 2.32, 'FileTag': 'pano_cfg', 'HasDepth': 0, 'HasTopo': 1, 'Heading': 86.42, 'ID': '09021500121903061501217537C', 'ImgLayer': [{'BlockX': 2, 'BlockY': 1, 'ImgFormat': 'jpg', 'ImgLevel': 1}, {'BlockX': 4, 'BlockY': 2, 'ImgFormat': 'jpg', 'ImgLevel': 2}, {'BlockX': 8, 'BlockY': 4, 'ImgFormat': 'jpg', 'ImgLevel': 3}, {'BlockX': 16, 'BlockY': 8, 'ImgFormat': 'jpg', 'ImgLevel': 4}], 'LayerCount': 4, 'Links': [], 'Mode': 'day', 'MoveDir': 86.42, 'NorthDir': 183.58, 'Obsolete': 0, 'Pitch': 0.82, 'Provider': 9, 'RX': 1212074153, 'RY': 403077275, 'Rname': 'Ｇ３００２', 'Roads': [{'ID': 'e5f18f-a964-2893-beaf-b22a5c', 'IsCurrent': 1, 'Name': 'Ｇ３００２', 'Panos': [{'DIR': 84, 'Order': 0, 'PID': '09021500121903061501027367C', 'Type': 'street', 'X': 1212017967, 'Y': 403073684}, {'DIR': 84, 'Order': 1, 'PID': '09021500121903061501033997C', 'Type': 'street', 'X': 1212019911, 'Y': 403073887}, {'DIR': 84, 'Order': 2, 'PID': '09021500121903061501043217C', 'Type': 'street', 'X': 1212022609, 'Y': 403074103}, {'DIR': 84, 'Order': 3, 'PID': '09021500121903061501052437C', 'Type': 'street', 'X': 1212025275, 'Y': 403074342}, {'DIR': 84, 'Order': 4, 'PID': '09021500121903061501061027C', 'Type': 'street', 'X': 1212027765, 'Y': 403074546}, {'DIR': 84, 'Order': 5, 'PID': '09021500121903061501070407C', 'Type': 'street', 'X': 1212030521, 'Y': 403074764}, {'DIR': 86, 'Order': 6, 'PID': '09021500121903061501079227C', 'Type': 'street', 'X': 1212033102, 'Y': 403074945}, {'DIR': 86, 'Order': 7, 'PID': '09021500121903061501088287C', 'Type': 'street', 'X': 1212035739, 'Y': 403075151}, {'DIR': 86, 'Order': 8, 'PID': '09021500121903061501097037C', 'Type': 'street', 'X': 1212038327, 'Y': 403075383}, {'DIR': 86, 'Order': 9, 'PID': '09021500121903061501105787C', 'Type': 'street', 'X': 1212040886, 'Y': 403075598}, {'DIR': 86, 'Order': 10, 'PID': '09021500121903061501115157C', 'Type': 'street', 'X': 1212043656, 'Y': 403075831}, {'DIR': 86, 'Order': 11, 'PID': '09021500121903061501123907C', 'Type': 'street', 'X': 1212046216, 'Y': 403076006}, {'DIR': 85, 'Order': 12, 'PID': '09021500121903061501133287C', 'Type': 'street', 'X': 1212049048, 'Y': 403076173}, {'DIR': 87, 'Order': 13, 'PID': '09021500121903061501142197C', 'Type': 'street', 'X': 1212051686, 'Y': 403076373}, {'DIR': 87, 'Order': 14, 'PID': '09021500121903061501150787C', 'Type': 'street', 'X': 1212054277, 'Y': 403076469}, {'DIR': 87, 'Order': 15, 'PID': '09021500121903061501160157C', 'Type': 'street', 'X': 1212057049, 'Y': 403076610}, {'DIR': 87, 'Order': 16, 'PID': '09021500121903061501169227C', 'Type': 'street', 'X': 1212059714, 'Y': 403076756}, {'DIR': 87, 'Order': 17, 'PID': '09021500121903061501178317C', 'Type': 'street', 'X': 1212062474, 'Y': 403076901}, {'DIR': 87, 'Order': 18, 'PID': '09021500121903061501187067C', 'Type': 'street', 'X': 1212065045, 'Y': 403077045}, {'DIR': 86, 'Order': 19, 'PID': '09021500121903061501195817C', 'Type': 'street', 'X': 1212067679, 'Y': 403077149}, {'DIR': 88, 'Order': 20, 'PID': '09021500011704300945420165O', 'Type': 'street', 'X': 1212069224, 'Y': 403077119}, {'DIR': 88, 'Order': 21, 'PID': '09021500121903061501208787C', 'Type': 'street', 'X': 1212071567, 'Y': 403077322}, {'DIR': 90, 'Order': 22, 'PID': '09021500121903061501217537C', 'Type': 'street', 'X': 1212074150, 'Y': 403077409}, {'DIR': 0, 'Order': 23, 'PID': '09021500121903061501224437C', 'Type': 'street', 'X': 1212076249, 'Y': 403077480}], 'Width': 550}], 'Roll': 0.21, 'SwitchID': [], 'Time': '201903', 'TimeLine': [{'ID': '09021500121903061501217537C', 'IsCurrent': 1, 'Time': 'day', 'TimeDir': '', 'TimeLine': '201903', 'Year': '2019'}, {'ID': '01021500001406101313536375I', 'IsCurrent': 0, 'Time': 'day', 'TimeDir': 'obsolete', 'TimeLine': '201406', 'Year': '2014'}], 'Type': 'street', 'UserID': '', 'Version': '0', 'X': 1212074150, 'Y': 403077409, 'Z': 383.03, 'format_v': '0', 'plane': '', 'procdate': '20230626'}",E:\CodeBase\GitHub\street_view_crawler\data\output\images\panoramic\5_108.870235_34.19069.jpg,success
529,220732146,5114,secondary,石化大道, ,F,0,0,F,F,6,108.899611,34.328122,6,01021500001405091045210095V,266.27,"{'Admission': 'GS(2020)6434', 'Date': '20140509', 'DeviceHeight': 2.32, 'FileTag': 'pano_cfg', 'HasDepth': 0, 'HasTopo': 1, 'Heading': 266.27, 'ID': '01021500001405091045210095V', 'ImgLayer': [{'BlockX': 2, 'BlockY': 1, 'ImgFormat': 'jpg', 'ImgLevel': 1}, {'BlockX': 4, 'BlockY': 2, 'ImgFormat': 'jpg', 'ImgLevel': 2}, {'BlockX': 8, 'BlockY': 4, 'ImgFormat': 'jpg', 'ImgLevel': 3}, {'BlockX': 16, 'BlockY': 8, 'ImgFormat': 'jpg', 'ImgLevel': 4}], 'LayerCount': 4, 'Links': [{'CPointX': 1212403019, 'CPointY': 404918267, 'DIR': 86, 'PID': '01021500001405091045190285V', 'RID': '9f17d4-ff7a-f2be-0baf-080f47', 'Type': 'street', 'X': 1212403647, 'Y': 404918303}], 'Mode': 'day', 'MoveDir': 266.27, 'NorthDir': 3.73, 'Obsolete': 0, 'Pitch': 1.54, 'Provider': 1, 'RX': 1212402641, 'RY': 404917942, 'Rname': '石化大道', 'Roads': [{'ID': 'fed9cf-8caf-8ffc-b945-5726be', 'IsCurrent': 1, 'Name': '石化大道', 'Panos': [{'DIR': 88, 'Order': 0, 'PID': '01021500001405091045279045V', 'Type': 'street', 'X': 1212398585, 'Y': 404918148}, {'DIR': 88, 'Order': 1, 'PID': '01021500001405091045263295V', 'Type': 'street', 'X': 1212399597, 'Y': 404918166}, {'DIR': 88, 'Order': 2, 'PID': '01021500001405091045246595V', 'Type': 'street', 'X': 1212400616, 'Y': 404918184}, {'DIR': 88, 'Order': 3, 'PID': '01021500001405091045229595V', 'Type': 'street', 'X': 1212401602, 'Y': 404918214}, {'DIR': 0, 'Order': 4, 'PID': '01021500001405091045210095V', 'Type': 'street', 'X': 1212402633, 'Y': 404918263}], 'Width': 550}, {'ID': '9f17d4-ff7a-f2be-0baf-080f47', 'IsCurrent': 0, 'Name': '石化大道', 'Panos': None, 'Width': 550}], 'Roll': 0.67, 'SwitchID': [], 'Time': '201405', 'TimeLine': [{'ID': '01021500001405091045210095V', 'IsCurrent': 1, 'Time': 'day', 'TimeDir': '', 'TimeLine': '201405', 'Year': '2014'}], 'Type': 'street', 'UserID': '', 'Version': '0', 'X': 1212402633, 'Y': 404918263, 'Z': 349.05, 'format_v': '0', 'plane': '', 'procdate': '20230626'}",E:\CodeBase\GitHub\street_view_crawler\data\output\images\panoramic\6_108.899611_34.328122.jpg,success
821,265621012,5111,motorway,西安绕城高速,G65;G69;G3002,F,0,0,F,F,7,108.824984,34.192548,7,01021500001406071441442525V,304.73,"{'Admission': 'GS(2020)6434', 'Date': '20140607', 'DeviceHeight': 2.32, 'FileTag': 'pano_cfg', 'HasDepth': 0, 'HasTopo': 1, 'Heading': 304.73, 'ID': '01021500001406071441442525V', 'ImgLayer': [{'BlockX': 2, 'BlockY': 1, 'ImgFormat': 'jpg', 'ImgLevel': 1}, {'BlockX': 4, 'BlockY': 2, 'ImgFormat': 'jpg', 'ImgLevel': 2}, {'BlockX': 8, 'BlockY': 4, 'ImgFormat': 'jpg', 'ImgLevel': 3}, {'BlockX': 16, 'BlockY': 8, 'ImgFormat': 'jpg', 'ImgLevel': 4}], 'LayerCount': 4, 'Links': [], 'Mode': 'day', 'MoveDir': 304.73, 'NorthDir': 325.27, 'Obsolete': 0, 'Pitch': 1.01, 'Provider': 1, 'RX': 1211570710, 'RY': 403107763, 'Rname': 'Ｇ３００２', 'Roads': [{'ID': '2425b3-3e45-25bb-e9c5-f50d47', 'IsCurrent': 1, 'Name': 'Ｇ３００２', 'Panos': [{'DIR': 295, 'Order': 0, 'PID': '01021500001406071441055235V', 'Type': 'street', 'X': 1211614198, 'Y': 403082473}, {'DIR': 297, 'Order': 1, 'PID': '01021500001406071441069695V', 'Type': 'street', 'X': 1211612575, 'Y': 403083289}, {'DIR': 297, 'Order': 2, 'PID': '01021500001406071441084515V', 'Type': 'street', 'X': 1211610921, 'Y': 403084129}, {'DIR': 297, 'Order': 3, 'PID': '01021500001406071441099645V', 'Type': 'street', 'X': 1211609238, 'Y': 403084993}, {'DIR': 297, 'Order': 4, 'PID': '01021500001406071441113845V', 'Type': 'street', 'X': 1211607664, 'Y': 403085806}, {'DIR': 298, 'Order': 5, 'PID': '01021500001406071441128975V', 'Type': 'street', 'X': 1211606001, 'Y': 403086686}, {'DIR': 298, 'Order': 6, 'PID': '01021500001406071441143795V', 'Type': 'street', 'X': 1211604373, 'Y': 403087549}, {'DIR': 298, 'Order': 7, 'PID': '01021500001406071441158925V', 'Type': 'street', 'X': 1211602703, 'Y': 403088428}, {'DIR': 298, 'Order': 8, 'PID': '01021500001406071441173745V', 'Type': 'street', 'X': 1211601061, 'Y': 403089320}, {'DIR': 299, 'Order': 9, 'PID': '01021500001406071441188875V', 'Type': 'street', 'X': 1211599379, 'Y': 403090276}, {'DIR': 299, 'Order': 10, 'PID': '01021500001406071441203385V', 'Type': 'street', 'X': 1211597748, 'Y': 403091209}, {'DIR': 299, 'Order': 11, 'PID': '01021500001406071441217565V', 'Type': 'street', 'X': 1211596158, 'Y': 403092139}, {'DIR': 300, 'Order': 12, 'PID': '01021500001406071441231195V', 'Type': 'street', 'X': 1211594641, 'Y': 403093044}, {'DIR': 300, 'Order': 13, 'PID': '01021500001406071441245235V', 'Type': 'street', 'X': 1211593079, 'Y': 403093971}, {'DIR': 300, 'Order': 14, 'PID': '01021500001406071441259635V', 'Type': 'street', 'X': 1211591478, 'Y': 403094916}, {'DIR': 301, 'Order': 15, 'PID': '01021500001406071441274715V', 'Type': 'street', 'X': 1211589803, 'Y': 403095890}, {'DIR': 301, 'Order': 16, 'PID': '01021500001406071441289305V', 'Type': 'street', 'X': 1211588194, 'Y': 403096834}, {'DIR': 301, 'Order': 17, 'PID': '01021500001406071441303685V', 'Type': 'street', 'X': 1211586631, 'Y': 403097778}, {'DIR': 301, 'Order': 18, 'PID': '01021500001406071441318815V', 'Type': 'street', 'X': 1211584997, 'Y': 403098769}, {'DIR': 301, 'Order': 19, 'PID': '01021500001406071441333635V', 'Type': 'street', 'X': 1211583401, 'Y': 403099745}, {'DIR': 303, 'Order': 20, 'PID': '01021500001406071441348145V', 'Type': 'street', 'X': 1211581839, 'Y': 403100715}, {'DIR': 303, 'Order': 21, 'PID': '01021500001406071441362655V', 'Type': 'street', 'X': 1211580269, 'Y': 403101703}, {'DIR': 303, 'Order': 22, 'PID': '01021500001406071441376535V', 'Type': 'street', 'X': 1211578724, 'Y': 403102693}, {'DIR': 303, 'Order': 23, 'PID': '01021500001406071441390115V', 'Type': 'street', 'X': 1211577174, 'Y': 403103712}, {'DIR': 303, 'Order': 24, 'PID': '01021500001406071441403375V', 'Type': 'street', 'X': 1211575610, 'Y': 403104765}, {'DIR': 304, 'Order': 25, 'PID': '01021500001406071441416635V', 'Type': 'street', 'X': 1211573996, 'Y': 403105857}, {'DIR': 304, 'Order': 26, 'PID': '01021500001406071441429575V', 'Type': 'street', 'X': 1211572402, 'Y': 403106934}, {'DIR': 304, 'Order': 27, 'PID': '01021500001406071441442525V', 'Type': 'street', 'X': 1211570868, 'Y': 403107991}, {'DIR': 304, 'Order': 28, 'PID': '01021500001406071441456415V', 'Type': 'street', 'X': 1211569340, 'Y': 403109061}, {'DIR': 304, 'Order': 29, 'PID': '01021500001406071441470915V', 'Type': 'street', 'X': 1211567819, 'Y': 403110143}, {'DIR': 304, 'Order': 30, 'PID': '01021500001406071441485735V', 'Type': 'street', 'X': 1211566299, 'Y': 403111226}, {'DIR': 306, 'Order': 31, 'PID': '01021500001406071441500935V', 'Type': 'street', 'X': 1211564766, 'Y': 403112319}, {'DIR': 306, 'Order': 32, 'PID': '01021500001406071441515675V', 'Type': 'street', 'X': 1211563304, 'Y': 403113376}, {'DIR': 306, 'Order': 33, 'PID': '01021500001406071441530905V', 'Type': 'street', 'X': 1211561821, 'Y': 403114475}, {'DIR': 306, 'Order': 34, 'PID': '01021500001406071441545985V', 'Type': 'street', 'X': 1211560367, 'Y': 403115569}, {'DIR': 0, 'Order': 35, 'PID': '01021500001406071441560805V', 'Type': 'street', 'X': 1211558924, 'Y': 403116654}], 'Width': 550}], 'Roll': 1.35, 'SwitchID': [], 'Time': '201406', 'TimeLine': [{'ID': '01021500001406071441442525V', 'IsCurrent': 1, 'Time': 'day', 'TimeDir': '', 'TimeLine': '201406', 'Year': '2014'}], 'Type': 'street', 'UserID': '', 'Version': '0', 'X': 1211570868, 'Y': 403107991, 'Z': 373.27, 'format_v': '0', 'plane': '', 'procdate': '20230626'}",E:\CodeBase\GitHub\street_view_crawler\data\output\images\panoramic\7_108.824984_34.192548.jpg,success
827,265912097,5114,secondary,浐河东路, ,T,0,0,F,F,8,109.032852,34.286432,8,09021500121903071748533672L,333.75,"{'Admission': 'GS(2020)6434', 'Date': '20190307', 'DeviceHeight': 2.32, 'FileTag': 'pano_cfg', 'HasDepth': 0, 'HasTopo': 1, 'Heading': 333.75, 'ID': '09021500121903071748533672L', 'ImgLayer': [{'BlockX': 2, 'BlockY': 1, 'ImgFormat': 'jpg', 'ImgLevel': 1}, {'BlockX': 4, 'BlockY': 2, 'ImgFormat': 'jpg', 'ImgLevel': 2}, {'BlockX': 8, 'BlockY': 4, 'ImgFormat': 'jpg', 'ImgLevel': 3}, {'BlockX': 16, 'BlockY': 8, 'ImgFormat': 'jpg', 'ImgLevel': 4}], 'LayerCount': 4, 'Links': [], 'Mode': 'day', 'MoveDir': 333.75, 'NorthDir': 296.25, 'Obsolete': 0, 'Pitch': -2.17, 'Provider': 9, 'RX': 1213890490, 'RY': 404362849, 'Rname': '浐河东路', 'Roads': [{'ID': '03bb7a-a4df-6f77-73a9-175a72', 'IsCurrent': 1, 'Name': '浐河东路', 'Panos': [{'DIR': 331, 'Order': 0, 'PID': '09021500121903071748485002L', 'Type': 'street', 'X': 1213893867, 'Y': 404355778}, {'DIR': 331, 'Order': 1, 'PID': '09021500121903071748497322L', 'Type': 'street', 'X': 1213893018, 'Y': 404357225}, {'DIR': 331, 'Order': 2, 'PID': '09021500121903071748509642L', 'Type': 'street', 'X': 1213892053, 'Y': 404358877}, {'DIR': 331, 'Order': 3, 'PID': '09021500121903071748521342L', 'Type': 'street', 'X': 1213891148, 'Y': 404360659}, {'DIR': 331, 'Order': 4, 'PID': '09021500121903071748533672L', 'Type': 'street', 'X': 1213890178, 'Y': 404362677}, {'DIR': 337, 'Order': 5, 'PID': '09021500121903071748546462L', 'Type': 'street', 'X': 1213889111, 'Y': 404364840}, {'DIR': 337, 'Order': 6, 'PID': '09021500121903071748559252L', 'Type': 'street', 'X': 1213888178, 'Y': 404367081}, {'DIR': 337, 'Order': 7, 'PID': '09021500121903071748572042L', 'Type': 'street', 'X': 1213887161, 'Y': 404369417}, {'DIR': 337, 'Order': 8, 'PID': '09021500121903071748584842L', 'Type': 'street', 'X': 1213886227, 'Y': 404371771}, {'DIR': 337, 'Order': 9, 'PID': '09021500121903071748597632L', 'Type': 'street', 'X': 1213885261, 'Y': 404374164}, {'DIR': 338, 'Order': 10, 'PID': '09021500121903071749010892L', 'Type': 'street', 'X': 1213884271, 'Y': 404376706}, {'DIR': 342, 'Order': 11, 'PID': '09021500121707141621122862D', 'Type': 'street', 'X': 1213883766, 'Y': 404378619}, {'DIR': 342, 'Order': 12, 'PID': '09021500121903071749029612L', 'Type': 'street', 'X': 1213883086, 'Y': 404380053}, {'DIR': 342, 'Order': 13, 'PID': '09021500121903071749042462L', 'Type': 'street', 'X': 1213882488, 'Y': 404382057}, {'DIR': 342, 'Order': 14, 'PID': '09021500121903071749055262L', 'Type': 'street', 'X': 1213881927, 'Y': 404383767}, {'DIR': 342, 'Order': 15, 'PID': '09021500121903071749066962L', 'Type': 'street', 'X': 1213881554, 'Y': 404385062}, {'DIR': 342, 'Order': 16, 'PID': '09021500121903071749082712L', 'Type': 'street', 'X': 1213881131, 'Y': 404386459}, {'DIR': 342, 'Order': 17, 'PID': '09021500121903071749100962L', 'Type': 'street', 'X': 1213880706, 'Y': 404387856}, {'DIR': 0, 'Order': 18, 'PID': '09021500121903071749122382L', 'Type': 'street', 'X': 1213880110, 'Y': 404389937}], 'Width': 550}], 'Roll': 0.45, 'SwitchID': [], 'Time': '201903', 'TimeLine': [{'ID': '09021500121903071748533672L', 'IsCurrent': 1, 'Time': 'day', 'TimeDir': '', 'TimeLine': '201903', 'Year': '2019'}, {'ID': '09021500121707141620551952D', 'IsCurrent': 0, 'Time': 'day', 'TimeDir': 'obsolete', 'TimeLine': '201707', 'Year': '2017'}, {'ID': '09021500011608021307043614E', 'IsCurrent': 0, 'Time': 'day', 'TimeDir': 'obsolete', 'TimeLine': '201608', 'Year': '2016'}, {'ID': '09021500001505040508309105C', 'IsCurrent': 0, 'Time': 'day', 'TimeDir': 'obsolete', 'TimeLine': '201505', 'Year': '2015'}, {'ID': '01021500001405211231053755V', 'IsCurrent': 0, 'Time': 'day', 'TimeDir': 'obsolete', 'TimeLine': '201405', 'Year': '2014'}], 'Type': 'street', 'UserID': '', 'Version': '0', 'X': 1213890178, 'Y': 404362677, 'Z': 369.3, 'format_v': '0', 'plane': '', 'procdate': '20230626'}",E:\CodeBase\GitHub\street_view_crawler\data\output\images\panoramic\8_109.032852_34.286432.jpg,success
828,265946732,5113,primary,太华南路, ,F,0,0,F,F,9,108.966881,34.334173,9,0902150012210312094142811HK,0.81,"{'Admission': 'GS京(2023)0952', 'Date': '20210312', 'DeviceHeight': 2.32, 'FileTag': 'pano_cfg', 'HasDepth': 0, 'HasTopo': 1, 'Heading': 0.81, 'ID': '0902150012210312094142811HK', 'ImgLayer': [{'BlockX': 2, 'BlockY': 1, 'ImgFormat': 'jpg', 'ImgLevel': 1}, {'BlockX': 4, 'BlockY': 2, 'ImgFormat': 'jpg', 'ImgLevel': 2}, {'BlockX': 8, 'BlockY': 4, 'ImgFormat': 'jpg', 'ImgLevel': 3}, {'BlockX': 16, 'BlockY': 8, 'ImgFormat': 'jpg', 'ImgLevel': 4}], 'LayerCount': 4, 'Links': [], 'Mode': 'day', 'MoveDir': 0.81, 'NorthDir': 269.19, 'Obsolete': 0, 'Pitch': 2.53, 'Provider': 9, 'RX': 1213151367, 'RY': 405008685, 'Rname': '太华路', 'Roads': [{'ID': '9fb98c-ba93-fd1d-a9c7-2ba1af', 'IsCurrent': 1, 'Name': '太华路', 'Panos': [{'DIR': 359, 'Order': 0, 'PID': '0902150012210312094139967HK', 'Type': 'street', 'X': 1213151573, 'Y': 405005881}, {'DIR': 359, 'Order': 1, 'PID': '0902150012210312094142811HK', 'Type': 'street', 'X': 1213151618, 'Y': 405008688}, {'DIR': 359, 'Order': 2, 'PID': '0902150012210312094144723HK', 'Type': 'street', 'X': 1213151607, 'Y': 405010797}, {'DIR': 0, 'Order': 3, 'PID': '0902150012210312094147169HK', 'Type': 'street', 'X': 1213151597, 'Y': 405013765}, {'DIR': 0, 'Order': 4, 'PID': '0902150012210312094148825HK', 'Type': 'street', 'X': 1213151594, 'Y': 405015826}], 'Width': 1300}], 'Roll': 1.39, 'SwitchID': [], 'Time': '202103', 'TimeLine': [{'ID': '0902150012210312094142811HK', 'IsCurrent': 1, 'Time': 'day', 'TimeDir': '', 'TimeLine': '202103', 'Year': '2021'}, {'ID': '09021500011607291528491104E', 'IsCurrent': 0, 'Time': 'day', 'TimeDir': 'obsolete', 'TimeLine': '201607', 'Year': '2016'}, {'ID': '09021500001505030309361745Z', 'IsCurrent': 0, 'Time': 'day', 'TimeDir': 'obsolete', 'TimeLine': '201505', 'Year': '2015'}, {'ID': '01021500001405061439579925V', 'IsCurrent': 0, 'Time': 'day', 'TimeDir': 'obsolete', 'TimeLine': '201405', 'Year': '2014'}], 'Type': 'street', 'UserID': '', 'Version': '0', 'X': 1213151618, 'Y': 405008688, 'Z': 1.8, 'format_v': '0', 'plane': '', 'procdate': '20230626'}",E:\CodeBase\GitHub\street_view_crawler\data\output\images\panoramic\9_108.966881_34.334173.jpg,success
829,265946733,5113,primary,太华南路, ,F,0,0,F,F,10,108.966596,34.284415,10,0902150012210312102102478HK,183.1,"{'Admission': 'GS京(2023)0952', 'Date': '20210312', 'DeviceHeight': 2.32, 'FileTag': 'pano_cfg', 'HasDepth': 0, 'HasTopo': 1, 'Heading': 183.1, 'ID': '0902150012210312102102478HK', 'ImgLayer': [{'BlockX': 2, 'BlockY': 1, 'ImgFormat': 'jpg', 'ImgLevel': 1}, {'BlockX': 4, 'BlockY': 2, 'ImgFormat': 'jpg', 'ImgLevel': 2}, {'BlockX': 8, 'BlockY': 4, 'ImgFormat': 'jpg', 'ImgLevel': 3}, {'BlockX': 16, 'BlockY': 8, 'ImgFormat': 'jpg', 'ImgLevel': 4}], 'LayerCount': 4, 'Links': [], 'Mode': 'day', 'MoveDir': 183.1, 'NorthDir': 86.9, 'Obsolete': 0, 'Pitch': 2.52, 'Provider': 9, 'RX': 1213147329, 'RY': 404340690, 'Rname': '太华南路', 'Roads': [{'ID': 'a22882-0ea1-ee78-e232-169b66', 'IsCurrent': 1, 'Name': '太华南路', 'Panos': [{'DIR': 180, 'Order': 0, 'PID': '0902150012210312101917342HK', 'Type': 'street', 'X': 1213147968, 'Y': 404347975}, {'DIR': 180, 'Order': 1, 'PID': '0902150012210312101953361HK', 'Type': 'street', 'X': 1213147938, 'Y': 404345572}, {'DIR': 180, 'Order': 2, 'PID': '0902150012210312102006831HK', 'Type': 'street', 'X': 1213147893, 'Y': 404343154}, {'DIR': 180, 'Order': 3, 'PID': '0902150012210312102102478HK', 'Type': 'street', 'X': 1213147790, 'Y': 404340689}, {'DIR': 180, 'Order': 4, 'PID': '0902150012210312102110354HK', 'Type': 'street', 'X': 1213147705, 'Y': 404338245}, {'DIR': 0, 'Order': 5, 'PID': '0902150012210312102119355HK', 'Type': 'street', 'X': 1213147724, 'Y': 404335845}], 'Width': 1300}], 'Roll': 1.57, 'SwitchID': [], 'Time': '202103', 'TimeLine': [{'ID': '0902150012210312102102478HK', 'IsCurrent': 1, 'Time': 'day', 'TimeDir': '', 'TimeLine': '202103', 'Year': '2021'}, {'ID': '09021500121903030935109658R', 'IsCurrent': 0, 'Time': 'day', 'TimeDir': 'obsolete', 'TimeLine': '201903', 'Year': '2019'}, {'ID': '09021500121707191014288428I', 'IsCurrent': 0, 'Time': 'day', 'TimeDir': 'obsolete', 'TimeLine': '201707', 'Year': '2017'}, {'ID': '09021500011609211630486017B', 'IsCurrent': 0, 'Time': 'day', 'TimeDir': 'obsolete', 'TimeLine': '201609', 'Year': '2016'}, {'ID': '09021500001504220746087486G', 'IsCurrent': 0, 'Time': 'day', 'TimeDir': 'obsolete', 'TimeLine': '201504', 'Year': '2015'}, {'ID': '01021500001405061552425395V', 'IsCurrent': 0, 'Time': 'day', 'TimeDir': 'obsolete', 'TimeLine': '201405', 'Year': '2014'}], 'Type': 'street', 'UserID': '', 'Version': '0', 'X': 1213147790, 'Y': 404340689, 'Z': 1.8, 'format_v': '0', 'plane': '', 'procdate': '20230626'}",E:\CodeBase\GitHub\street_view_crawler\data\output\images\panoramic\10_108.966596_34.284415.jpg,success
1633,527604135,5114,secondary,石化大道, ,F,0,0,F,F,11,108.859635,34.323393,11,01021500001405091057313615V,250.51,"{'Admission': 'GS(2020)6434', 'Date': '20140509', 'DeviceHeight': 2.32, 'FileTag': 'pano_cfg', 'HasDepth': 0, 'HasTopo': 1, 'Heading': 250.51, 'ID': '01021500001405091057313615V', 'ImgLayer': [{'BlockX': 2, 'BlockY': 1, 'ImgFormat': 'jpg', 'ImgLevel': 1}, {'BlockX': 4, 'BlockY': 2, 'ImgFormat': 'jpg', 'ImgLevel': 2}, {'BlockX': 8, 'BlockY': 4, 'ImgFormat': 'jpg', 'ImgLevel': 3}, {'BlockX': 16, 'BlockY': 8, 'ImgFormat': 'jpg', 'ImgLevel': 4}], 'LayerCount': 4, 'Links': [], 'Mode': 'day', 'MoveDir': 250.51, 'NorthDir': 19.49, 'Obsolete': 0, 'Pitch': 1.57, 'Provider': 1, 'RX': 1211956387, 'RY': 404860484, 'Rname': '石化大道', 'Roads': [{'ID': 'ad6552-5b50-e300-ad2d-faa7c3', 'IsCurrent': 1, 'Name': '石化大道', 'Panos': [{'DIR': 69, 'Order': 0, 'PID': '01021500001405091057355895V', 'Type': 'street', 'X': 1211953584, 'Y': 404859006}, {'DIR': 69, 'Order': 1, 'PID': '01021500001405091057342325V', 'Type': 'street', 'X': 1211954559, 'Y': 404859334}, {'DIR': 69, 'Order': 2, 'PID': '09021500122112051214469007F', 'Type': 'street', 'X': 1211954877, 'Y': 404859711}, {'DIR': 69, 'Order': 3, 'PID': '01021500001405091057313615V', 'Type': 'street', 'X': 1211956570, 'Y': 404860002}, {'DIR': 69, 'Order': 4, 'PID': '01021500001405091057299425V', 'Type': 'street', 'X': 1211957533, 'Y': 404860300}, {'DIR': 69, 'Order': 5, 'PID': '01021500001405091057285225V', 'Type': 'street', 'X': 1211958466, 'Y': 404860593}, {'DIR': 69, 'Order': 6, 'PID': '01021500001405091057270095V', 'Type': 'street', 'X': 1211959441, 'Y': 404860917}, {'DIR': 69, 'Order': 7, 'PID': '01021500001405091057255275V', 'Type': 'street', 'X': 1211960394, 'Y': 404861238}, {'DIR': 0, 'Order': 8, 'PID': '01021500001405091057240145V', 'Type': 'street', 'X': 1211961382, 'Y': 404861531}], 'Width': 550}], 'Roll': -1.57, 'SwitchID': [], 'Time': '201405', 'TimeLine': [{'ID': '01021500001405091057313615V', 'IsCurrent': 1, 'Time': 'day', 'TimeDir': '', 'TimeLine': '201405', 'Year': '2014'}], 'Type': 'street', 'UserID': '', 'Version': '0', 'X': 1211956570, 'Y': 404860002, 'Z': 351.69, 'format_v': '0', 'plane': '', 'procdate': '20230626'}",E:\CodeBase\GitHub\street_view_crawler\data\output\images\panoramic\11_108.859635_34.323393.jpg,success
1728,753549063,5114,secondary,浐河东路, ,F,0,0,F,F,12,109.032809,34.286355,12,09021500121903071801366702L,156.71,"{'Admission': 'GS(2020)6434', 'Date': '20190307', 'DeviceHeight': 2.32, 'FileTag': 'pano_cfg', 'HasDepth': 0, 'HasTopo': 1, 'Heading': 156.71, 'ID': '09021500121903071801366702L', 'ImgLayer': [{'BlockX': 2, 'BlockY': 1, 'ImgFormat': 'jpg', 'ImgLevel': 1}, {'BlockX': 4, 'BlockY': 2, 'ImgFormat': 'jpg', 'ImgLevel': 2}, {'BlockX': 8, 'BlockY': 4, 'ImgFormat': 'jpg', 'ImgLevel': 3}, {'BlockX': 16, 'BlockY': 8, 'ImgFormat': 'jpg', 'ImgLevel': 4}], 'LayerCount': 4, 'Links': [{'CPointX': 1213889842, 'CPointY': 404360796, 'DIR': 151, 'PID': '09021500121903071801379492L', 'RID': '3054bf-9555-1595-7843-afe62a', 'Type': 'street', 'X': 1213890132, 'Y': 404360270}], 'Mode': 'day', 'MoveDir': 156.71, 'NorthDir': 113.29, 'Obsolete': 0, 'Pitch': -2.91, 'Provider': 9, 'RX': 1213889498, 'RY': 404362694, 'Rname': '浐河东路', 'Roads': [{'ID': '03e7f4-cf06-10a9-6b29-02e12a', 'IsCurrent': 1, 'Name': '浐河东路', 'Panos': [{'DIR': 157, 'Order': 0, 'PID': '09021500121903071801322382L', 'Type': 'street', 'X': 1213885750, 'Y': 404370461}, {'DIR': 157, 'Order': 1, 'PID': '09021500011608021246524174E', 'Type': 'street', 'X': 1213886094, 'Y': 404369079}, {'DIR': 157, 'Order': 2, 'PID': '09021500121903071801341682L', 'Type': 'street', 'X': 1213887246, 'Y': 404367053}, {'DIR': 151, 'Order': 3, 'PID': '09021500121903071801353912L', 'Type': 'street', 'X': 1213888218, 'Y': 404364824}, {'DIR': 0, 'Order': 4, 'PID': '09021500121903071801366702L', 'Type': 'street', 'X': 1213889199, 'Y': 404362529}], 'Width': 550}, {'ID': '3054bf-9555-1595-7843-afe62a', 'IsCurrent': 0, 'Name': '浐河东路', 'Panos': None, 'Width': 550}], 'Roll': 0.65, 'SwitchID': [], 'Time': '201903', 'TimeLine': [{'ID': '09021500121903071801366702L', 'IsCurrent': 1, 'Time': 'day', 'TimeDir': '', 'TimeLine': '201903', 'Year': '2019'}, {'ID': '09021500011608021246566844E', 'IsCurrent': 0, 'Time': 'day', 'TimeDir': 'obsolete', 'TimeLine': '201608', 'Year': '2016'}, {'ID': '09021500001505040500087395C', 'IsCurrent': 0, 'Time': 'day', 'TimeDir': 'obsolete', 'TimeLine': '201505', 'Year': '2015'}], 'Type': 'street', 'UserID': '', 'Version': '0', 'X': 1213889199, 'Y': 404362529, 'Z': 369.19, 'format_v': '0', 'plane': '', 'procdate': '20230626'}",E:\CodeBase\GitHub\street_view_crawler\data\output\images\panoramic\12_109.032809_34.286355.jpg,success
1884,766511403,5114,secondary,浐河西路, ,F,0,0,F,F,13,109.035129,34.277892,13,09021500121903090955529928R,178.51,"{'Admission': 'GS(2020)6434', 'Date': '20190309', 'DeviceHeight': 2.32, 'FileTag': 'pano_cfg', 'HasDepth': 0, 'HasTopo': 1, 'Heading': 178.51, 'ID': '09021500121903090955529928R', 'ImgLayer': [{'BlockX': 2, 'BlockY': 1, 'ImgFormat': 'jpg', 'ImgLevel': 1}, {'BlockX': 4, 'BlockY': 2, 'ImgFormat': 'jpg', 'ImgLevel': 2}, {'BlockX': 8, 'BlockY': 4, 'ImgFormat': 'jpg', 'ImgLevel': 3}, {'BlockX': 16, 'BlockY': 8, 'ImgFormat': 'jpg', 'ImgLevel': 4}], 'LayerCount': 4, 'Links': [{'CPointX': 1213915219, 'CPointY': 404247887, 'DIR': 175, 'PID': '09021500121903090956393778R', 'RID': '6c00c0-bf01-afe8-b63a-221c0d', 'Type': 'street', 'X': 1213915289, 'Y': 404247061}, {'CPointX': 1213914098, 'CPointY': 404247698, 'DIR': 84, 'PID': '09021500121903090955586738R', 'RID': '51fd78-7694-fb88-054a-cc4a58', 'Type': 'street', 'X': 1213914098, 'Y': 404247698}], 'Mode': 'day', 'MoveDir': 178.51, 'NorthDir': 91.49, 'Obsolete': 0, 'Pitch': -0.99, 'Provider': 9, 'RX': 1213915927, 'RY': 404249004, 'Rname': '浐河西路', 'Roads': [{'ID': '70a25b-b5ea-b8d6-3de2-15f9c1', 'IsCurrent': 1, 'Name': '浐河西路', 'Panos': [{'DIR': 144, 'Order': 0, 'PID': '09021500121903090955061808R', 'Type': 'street', 'X': 1213892996, 'Y': 404318482}, {'DIR': 144, 'Order': 1, 'PID': '09021500121903090955070248R', 'Type': 'street', 'X': 1213893750, 'Y': 404317461}, {'DIR': 144, 'Order': 2, 'PID': '09021500121903090955076838R', 'Type': 'street', 'X': 1213894299, 'Y': 404316694}, {'DIR': 144, 'Order': 3, 'PID': '09021500121903090955080898R', 'Type': 'street', 'X': 1213894642, 'Y': 404316187}, {'DIR': 144, 'Order': 4, 'PID': '09021500121903090955089808R', 'Type': 'street', 'X': 1213895406, 'Y': 404315133}, {'DIR': 144, 'Order': 5, 'PID': '09021500121903090955094808R', 'Type': 'street', 'X': 1213895827, 'Y': 404314549}, {'DIR': 144, 'Order': 6, 'PID': '09021500121903090955101838R', 'Type': 'street', 'X': 1213896423, 'Y': 404313718}, {'DIR': 144, 'Order': 7, 'PID': '09021500121903090955111218R', 'Type': 'street', 'X': 1213897225, 'Y': 404312673}, {'DIR': 144, 'Order': 8, 'PID': '09021500121903090955116368R', 'Type': 'street', 'X': 1213897677, 'Y': 404312051}, {'DIR': 144, 'Order': 9, 'PID': '09021500121903090955123248R', 'Type': 'street', 'X': 1213898250, 'Y': 404311255}, {'DIR': 144, 'Order': 10, 'PID': '09021500121903090955130118R', 'Type': 'street', 'X': 1213898886, 'Y': 404310413}, {'DIR': 144, 'Order': 11, 'PID': '09021500121903090955136998R', 'Type': 'street', 'X': 1213899483, 'Y': 404309616}, {'DIR': 144, 'Order': 12, 'PID': '09021500121903090955148198R', 'Type': 'street', 'X': 1213900534, 'Y': 404308218}, {'DIR': 144, 'Order': 13, 'PID': '09021500121903090955151168R', 'Type': 'street', 'X': 1213900785, 'Y': 404307837}, {'DIR': 144, 'Order': 14, 'PID': '09021500121903090955157108R', 'Type': 'street', 'X': 1213901367, 'Y': 404307073}, {'DIR': 144, 'Order': 15, 'PID': '09021500121903090955163198R', 'Type': 'street', 'X': 1213901942, 'Y': 404306272}, {'DIR': 144, 'Order': 16, 'PID': '09021500121903090955168828R', 'Type': 'street', 'X': 1213902450, 'Y': 404305516}, {'DIR': 144, 'Order': 17, 'PID': '09021500121903090955175078R', 'Type': 'street', 'X': 1213903046, 'Y': 404304670}, {'DIR': 144, 'Order': 18, 'PID': '09021500121903090955180698R', 'Type': 'street', 'X': 1213903557, 'Y': 404303898}, {'DIR': 144, 'Order': 19, 'PID': '09021500121903090955189728R', 'Type': 'street', 'X': 1213904362, 'Y': 404302609}, {'DIR': 144, 'Order': 20, 'PID': '09021500121903090955193058R', 'Type': 'street', 'X': 1213904670, 'Y': 404302140}, {'DIR': 154, 'Order': 21, 'PID': '09021500121903090955198988R', 'Type': 'street', 'X': 1213905169, 'Y': 404301293}, {'DIR': 154, 'Order': 22, 'PID': '09021500121903090955205238R', 'Type': 'street', 'X': 1213905720, 'Y': 404300357}, {'DIR': 154, 'Order': 23, 'PID': '09021500121903090955210868R', 'Type': 'street', 'X': 1213906189, 'Y': 404299499}, {'DIR': 154, 'Order': 24, 'PID': '09021500121903090955216808R', 'Type': 'street', 'X': 1213906664, 'Y': 404298598}, {'DIR': 154, 'Order': 25, 'PID': '09021500121903090955223208R', 'Type': 'street', 'X': 1213907158, 'Y': 404297604}, {'DIR': 154, 'Order': 26, 'PID': '09021500121903090955228988R', 'Type': 'street', 'X': 1213907630, 'Y': 404296687}, {'DIR': 154, 'Order': 27, 'PID': '09021500121903090955235238R', 'Type': 'street', 'X': 1213908055, 'Y': 404295699}, {'DIR': 154, 'Order': 28, 'PID': '09021500121903090955241178R', 'Type': 'street', 'X': 1213908478, 'Y': 404294741}, {'DIR': 154, 'Order': 29, 'PID': '09021500121903090955247118R', 'Type': 'street', 'X': 1213908906, 'Y': 404293771}, {'DIR': 153, 'Order': 30, 'PID': '09021500121903090955252898R', 'Type': 'street', 'X': 1213909312, 'Y': 404292845}, {'DIR': 164, 'Order': 31, 'PID': '09021500121903090955258988R', 'Type': 'street', 'X': 1213909671, 'Y': 404291817}, {'DIR': 164, 'Order': 32, 'PID': '09021500121903090955264778R', 'Type': 'street', 'X': 1213910007, 'Y': 404290844}, {'DIR': 164, 'Order': 33, 'PID': '09021500121903090955271028R', 'Type': 'street', 'X': 1213910351, 'Y': 404289776}, {'DIR': 164, 'Order': 34, 'PID': '09021500121903090955277278R', 'Type': 'street', 'X': 1213910687, 'Y': 404288710}, {'DIR': 164, 'Order': 35, 'PID': '09021500121903090955283058R', 'Type': 'street', 'X': 1213910956, 'Y': 404287690}, {'DIR': 164, 'Order': 36, 'PID': '09021500121903090955288988R', 'Type': 'street', 'X': 1213911284, 'Y': 404286681}, {'DIR': 164, 'Order': 37, 'PID': '09021500121903090955294618R', 'Type': 'street', 'X': 1213911536, 'Y': 404285743}, {'DIR': 170, 'Order': 38, 'PID': '09021500121903090955300868R', 'Type': 'street', 'X': 1213911773, 'Y': 404284661}, {'DIR': 170, 'Order': 39, 'PID': '09021500121903090955306808R', 'Type': 'street', 'X': 1213911965, 'Y': 404283645}, {'DIR': 170, 'Order': 40, 'PID': '09021500121903090955313368R', 'Type': 'street', 'X': 1213912218, 'Y': 404282519}, {'DIR': 170, 'Order': 41, 'PID': '09021500121903090955318988R', 'Type': 'street', 'X': 1213912389, 'Y': 404281540}, {'DIR': 170, 'Order': 42, 'PID': '09021500121903090955324928R', 'Type': 'street', 'X': 1213912558, 'Y': 404280526}, {'DIR': 170, 'Order': 43, 'PID': '09021500121903090955331178R', 'Type': 'street', 'X': 1213912727, 'Y': 404279427}, {'DIR': 170, 'Order': 44, 'PID': '09021500121903090955337428R', 'Type': 'street', 'X': 1213912811, 'Y': 404278381}, {'DIR': 170, 'Order': 45, 'PID': '09021500121903090955343058R', 'Type': 'street', 'X': 1213912986, 'Y': 404277400}, {'DIR': 170, 'Order': 46, 'PID': '09021500121903090955348678R', 'Type': 'street', 'X': 1213913070, 'Y': 404276469}, {'DIR': 170, 'Order': 47, 'PID': '09021500121903090955354928R', 'Type': 'street', 'X': 1213913155, 'Y': 404275419}, {'DIR': 170, 'Order': 48, 'PID': '09021500121903090955361178R', 'Type': 'street', 'X': 1213913240, 'Y': 404274355}, {'DIR': 170, 'Order': 49, 'PID': '09021500121903090955366808R', 'Type': 'street', 'X': 1213913324, 'Y': 404273409}, {'DIR': 174, 'Order': 50, 'PID': '09021500121903090955373678R', 'Type': 'street', 'X': 1213913409, 'Y': 404272258}, {'DIR': 174, 'Order': 51, 'PID': '09021500121903090955379308R', 'Type': 'street', 'X': 1213913494, 'Y': 404271295}, {'DIR': 174, 'Order': 52, 'PID': '09021500121903090955384928R', 'Type': 'street', 'X': 1213913579, 'Y': 404270361}, {'DIR': 174, 'Order': 53, 'PID': '09021500121903090955390558R', 'Type': 'street', 'X': 1213913667, 'Y': 404269421}, {'DIR': 174, 'Order': 54, 'PID': '09021500121903090955397118R', 'Type': 'street', 'X': 1213913751, 'Y': 404268301}, {'DIR': 174, 'Order': 55, 'PID': '09021500121903090955403058R', 'Type': 'street', 'X': 1213913836, 'Y': 404267326}, {'DIR': 174, 'Order': 56, 'PID': '09021500121903090955409148R', 'Type': 'street', 'X': 1213913923, 'Y': 404266287}, {'DIR': 175, 'Order': 57, 'PID': '09021500121903090955414928R', 'Type': 'street', 'X': 1213914008, 'Y': 404265355}, {'DIR': 175, 'Order': 58, 'PID': '09021500121903090955421178R', 'Type': 'street', 'X': 1213914092, 'Y': 404264291}, {'DIR': 175, 'Order': 59, 'PID': '09021500121903090955426958R', 'Type': 'street', 'X': 1213914177, 'Y': 404263363}, {'DIR': 175, 'Order': 60, 'PID': '09021500121903090955433368R', 'Type': 'street', 'X': 1213914262, 'Y': 404262298}, {'DIR': 175, 'Order': 61, 'PID': '09021500121903090955438678R', 'Type': 'street', 'X': 1213914350, 'Y': 404261429}, {'DIR': 175, 'Order': 62, 'PID': '09021500121903090955444928R', 'Type': 'street', 'X': 1213914434, 'Y': 404260453}, {'DIR': 175, 'Order': 63, 'PID': '09021500121903090955451808R', 'Type': 'street', 'X': 1213914519, 'Y': 404259343}, {'DIR': 175, 'Order': 64, 'PID': '09021500121903090955458678R', 'Type': 'street', 'X': 1213914635, 'Y': 404258263}, {'DIR': 175, 'Order': 65, 'PID': '09021500121903090955465558R', 'Type': 'street', 'X': 1213914700, 'Y': 404257223}, {'DIR': 175, 'Order': 66, 'PID': '09021500121903090955475558R', 'Type': 'street', 'X': 1213914857, 'Y': 404255734}, {'DIR': 175, 'Order': 67, 'PID': '09021500121903090955479928R', 'Type': 'street', 'X': 1213914935, 'Y': 404255091}, {'DIR': 175, 'Order': 68, 'PID': '09021500121903090955489148R', 'Type': 'street', 'X': 1213915033, 'Y': 404253742}, {'DIR': 175, 'Order': 69, 'PID': '09021500121903090955494148R', 'Type': 'street', 'X': 1213915033, 'Y': 404253060}, {'DIR': 175, 'Order': 70, 'PID': '09021500121903090955503838R', 'Type': 'street', 'X': 1213915202, 'Y': 404251780}, {'DIR': 175, 'Order': 71, 'PID': '09021500121903090955509928R', 'Type': 'street', 'X': 1213915203, 'Y': 404251004}, {'DIR': 175, 'Order': 72, 'PID': '09021500121903090955518998R', 'Type': 'street', 'X': 1213915288, 'Y': 404249975}, {'DIR': 0, 'Order': 73, 'PID': '09021500121903090955529928R', 'Type': 'street', 'X': 1213915372, 'Y': 404248957}], 'Width': 550}, {'ID': '6c00c0-bf01-afe8-b63a-221c0d', 'IsCurrent': 0, 'Name': '浐河西路', 'Panos': None, 'Width': 550}, {'ID': '51fd78-7694-fb88-054a-cc4a58', 'IsCurrent': 0, 'Name': '', 'Panos': None, 'Width': 300}], 'Roll': 0.19, 'SwitchID': [], 'Time': '201903', 'TimeLine': [{'ID': '09021500121903090955529928R', 'IsCurrent': 1, 'Time': 'day', 'TimeDir': '', 'TimeLine': '201903', 'Year': '2019'}, {'ID': '09021500011608011119203404E', 'IsCurrent': 0, 'Time': 'day', 'TimeDir': 'obsolete', 'TimeLine': '201608', 'Year': '2016'}, {'ID': '09021500001505040535366275C', 'IsCurrent': 0, 'Time': 'day', 'TimeDir': 'obsolete', 'TimeLine': '201505', 'Year': '2015'}, {'ID': '01021500001405211044483595V', 'IsCurrent': 0, 'Time': 'day', 'TimeDir': 'obsolete', 'TimeLine': '201405', 'Year': '2014'}], 'Type': 'street', 'UserID': '', 'Version': '0', 'X': 1213915372, 'Y': 404248957, 'Z': 371.95, 'format_v': '0', 'plane': '', 'procdate': '20230626'}",E:\CodeBase\GitHub\street_view_crawler\data\output\images\panoramic\13_109.035129_34.277892.jpg,success
